{
  "version": 1,
  "author": "Anonymous maker",
  "editor": "wokwi",
  "parts": [
    { "type": "wokwi-breadboard-half", "id": "bb1", "top": 73.8, "left": 281.2, "attrs": {} },
    { "type": "wokwi-arduino-uno", "id": "uno", "top": 87, "left": -29.4, "attrs": {} },
    {
      "type": "wokwi-led",
      "id": "led1",
      "top": 82.8,
      "left": 387.8,
      "attrs": { "color": "yellow" }
    },
    {
      "type": "wokwi-resistor",
      "id": "r1",
      "top": 138.35,
      "left": 412.8,
      "attrs": { "value": "2000" }
    }
  ],
  "connections": [
    [ "uno:GND.3", "bb1:11t.e", "black", [ "v9.5", "h157.6" ] ],
    [ "led1:A", "bb1:12t.a", "", [ "$bb" ] ],
    [ "led1:C", "bb1:11t.a", "", [ "$bb" ] ],
    [ "r1:1", "bb1:12t.c", "", [ "$bb" ] ],
    [ "r1:2", "bb1:18t.c", "", [ "$bb" ] ],
    [ "uno:13", "bb1:18t.a", "green", [ "v-48", "h374.8" ] ]
  ],
  "dependencies": {}
}